{"tTCZTggTQoWGGFqHH+d09Q==":"mbr-1920x1320.jpg","SKpy4HYUGN6AuZQxvAdXlw==":"mbr-1920x1280.jpg","Ba3JaehuNpNgikyIyBNFAw==":"mbr-1-1920x1280.jpg","NuTmT7AUPSSuTFlL166ChA==":"mbr-980x735.jpg","/Dd2Dp3EbQLrERzGfytMzg==":"mbr-1920x1120.jpg","KjNZah+SOhgE3e9cPEadxA==":"mbr-1920x1080.jpg","QIUxgTVAshtxtIYHUmPr9w==":"mbr-980x1470.jpg","L8KS6l9t4YSp276H1k/8gA==":"mbr-2-1920x1280.jpg","CrbzedOVmKPRP1ignaDLYg==":"mbr-1-980x1470.jpg","bFRPUqM9gfVtDFICnTa1Sw==":"mbr-3-1920x1280.jpg","79I+CPzVjWoEOJbRhjHI7w==":"mbr-980x552.jpg","5ICIUobtZWQiEgr/hhD52A==":"mbr-4-1920x1280.jpg","WtclwIf8Jj1bIvrgLLMCHQ==":"mbr-1-1920x1080.jpg","vgj3MYx4eqKMJ5tBUX85tQ==":"mbr-5-1920x1280.jpg","eqDko0Sm4uOiaqPOCzyMMA==":"mbr-980x806.jpg","o+0+upZYnXBBYzTx54pgyA==":"mbr-1920x1253.jpg","QgPrHJsL+q58N99wP7dhpw==":"mbr-1920x1220.jpg","b8as7tiSt26TGbLQHbt9tg==":"mbr-980x653.jpg","U080KncyZczdj8lVjYzkNw==":"mbr-6-1920x1280.jpg","abf+vIn8BV+/74iMqr8HYQ==":"mbr-1-980x653.jpg","7NlUybDhjGbHxtDYcuYzYA==":"mbr-7-1920x1280.jpg","S9b7Y7TfbxjPAWsy7ijOPA==":"mbr-1920x1260.jpg","HFYV8BvtjphWdUcHPo3h1w==":"mbr-1920x1297.jpg","VtJKdLMa2Z2eH3tflH1B4g==":"mbr-980x651.jpg","XujEpzXzXWuOks3NwhhteQ==":"mbr-1920x1398.jpg","91v7A9JW6dNvI+rNzhUc7w==":"mbr-2-980x653.jpg","lfDU4raJAjsLuYhA8aawfw==":"mbr-1920x1216.jpg","kR9iA7LlhVvRhMigM+TJfw==":"mbr-1920x1593.jpg","hGj9a/Iv+dXq3gRavBSDeQ==":"mbr-1920x1427.jpg","5RBdqBTQLQ98z6DnoIE/+Q==":"mbr-3-980x653.jpg","eCbt3J5OQLcLXBSHjo80MA==":"mbr-8-1920x1280.jpg","7jHQ8AWIOy1zlK5SuCjosg==":"mbr-9-1920x1280.jpg","1qk0195lyaMtnl9h0NClDw==":"mbr-980x551.jpg","UC/qjwf6WYvFJgIX3LJI9w==":"mbr-10-1920x1280.jpg","ykFT2yTPGSjaVe3wZTQymA==":"mbr-1-980x735.jpg","RI89yrTH5bblgQiDqsfTjg==":"mbr-11-1920x1280.jpg","gN96/5X9puDTSGJU4IuAoA==":"mbr-980x613.jpg","LJfUbMvop+FQ5rxGYN9+Pw==":"mbr-1920x1045.jpg","eBvq4Pwdx95wHPtyXpxGuQ==":"mbr-4-980x653.jpg","AMXKLnAyXg0my6y64QhgIg==":"mbr-1920x1279.jpg","9TVWctmx9WZNt+lxR4aWbQ==":"mbr-980x654.jpg","mb+9WPk5PuBaKYknztTJ3w==":"mbr-1920x1764.jpg","DbhxQ/wFcjbE/M3YhH7pGQ==":"mbr-980x379.jpg","yPYhnKu8nVk7s4pCQq6ecw==":"mbr-1920x1281.jpg","rAIlEnjjDfiSt1b9FviTXg==":"mbr-980x637.jpg","c5TfpViGrQBxD1n447/+ng==":"mbr-2-1920x1080.jpg","cz8G33+b/2abmCSN99nUkg==":"mbr-980x592.jpg","ZRPdr8MhsB473H8GN3r8zA==":"mbr-5-980x653.jpg","rFcAZhYvZc1pK3ZS1RaA8g==":"mbr-1920x1264.jpg","DE4ULgj7jhZwDarWqRJQuQ==":"mbr-12-1920x1280.jpg","V+JMXxfYO3s+nMR6B/0Whw==":"mbr-6-980x653.jpg","M0wHSJZDTG6gYMm2U+b3XQ==":"mbr-1-980x654.jpg","bL5nyWkBBNUxI65H7rfKYA==":"mbr-1920x1278.jpg","9H+POqwgKi05Y3OkjAnyzw==":"mbr-980x598.jpg","z91m5JRQID66iUNIu357Zw==":"mbr-1920x1060.jpg","PvIKqm4UimjhdjoxUUwVwQ==":"mbr-1920x1440.jpg","teFuZj0ngnSDg+/sUCorrw==":"mbr-980x638.jpg","/KuylLtXswWWz/MKC19Wog==":"mbr-1-1920x1440.jpg","WGO1LnZv10EWEhdKuYZXsw==":"mbr-980x700.jpg","rYqDbT7T33YvMH1NdoB2Ow==":"mbr-2-1920x1440.jpg","p7Uqzoty4CXvnTfIs8jPog==":"mbr-7-980x653.jpg","r0QKCBRnq89c1XJuueKyQQ==":"mbr-1-980x651.jpg","Xki/tfI6EtUXUlVJqP3OQg==":"mbr-1-1920x1281.jpg","PAD986AKMMQX0YmV8E4daQ==":"mbr-3-1920x1080.jpg","51oe0j/eSO2zBhiQNmtJ6g==":"mbr-8-980x653.jpg","ZU0F23N4IhHj/MuMcjUdxA==":"mbr-1-980x551.jpg","kFJCFtxgigbKLZXSG77tJg==":"mbr-13-1920x1280.jpg","uOHnWnTggruBncU2NBLQOg==":"mbr-9-980x653.jpg","V4BiAdNoh/Tx3YNQRTXiYg==":"mbr-14-1920x1280.jpg","1njuxvarDXs7yqFZ/akQ5A==":"mbr-2-1920x1281.jpg","kTVy2MhJaunBvqwtkUBufQ==":"mbr-980x610.jpg","9mDHusWRS/kpABDgdSYRxw==":"mbr-1920x1272.jpg","AZHUGsMqibO/LahKSokR4A==":"mbr-2-980x735.jpg","RvOqw3Zw63JDekDlQFCJsQ==":"mbr-15-1920x1280.jpg","EWS3JYt2hWHWRTiHXH9reg==":"mbr-980x650.jpg","PyaloDLmLhrmwJZ2Jy+lTw==":"mbr-16-1920x1280.jpg","d2aXXzvadAZ3zcGT5kY2nQ==":"mbr-980x652.jpg","1Q0Kb+WRi4JbjNb1mfvsxg==":"mbr-1920x876.jpg","j4DQmAZN4J3BOaeH0o3Xdw==":"mbr-980x827.jpg","Z+rYEyiGheu/mN4JMpy0sQ==":"mbr-3-1920x1440.jpg","9WX+4yMrICPFQm0VdASluw==":"mbr-3-980x735.jpg","NGntl8ClzbDGyAdyJeG9PA==":"mbr-1920x1314.jpg","uDjClsJsqgAGLVO4DsIP9w==":"mbr-980x1307.jpg","Ie39iw8GSAadWofjxknIrQ==":"mbr-17-1920x1280.jpg","dB4xGMKh4u3CVYORxqs/vg==":"mbr-4-980x735.jpg","SqeqMG4kgsje5679JnBbwg==":"mbr-1-1920x1264.jpg","a5KfIi/f6hqzc7c2yAkwPQ==":"mbr-10-980x653.jpg","UzjII51owFwy6fj7fJ1+EA==":"mbr-1920x1285.jpg","daCDBQcVdnA8x7NLLDW6qw==":"mbr-11-980x653.jpg","fUJ2TH3AaIF1ihTACQAyZw==":"mbr-18-1920x1280.jpg","GWUo79dv5wTUysz2AbdsEA==":"mbr-2-980x654.jpg","xzYS2Mc77eLV02wSWsEo4w==":"mbr-1-980x1307.jpg","RG9634MRPMy4WjWisx+zAg==":"mbr-4-1920x1080.jpg","9Q4U2nZj2OOJiIm20PfoBg==":"mbr-19-1920x1280.jpg","vuDaOOtE53kvC+JrjO7I0w==":"mbr-5-980x735.jpg","R8UQLqNtPeCBdPTQxg5tMQ==":"mbr-5-1920x1080.jpg","pFgvw2YYgA3K72/7Yonb8A==":"mbr-12-980x653.jpg","uVfJr5XNMXv5NMUryWi12A==":"mbr-20-1920x1280.jpg","P5lVfOcO4pG7iMAlQCBqGQ==":"mbr-13-980x653.jpg","klgchad7LDJbFPV+a/6t+A==":"mbr-3-1920x1281.jpg","4To35IfujPqQXk/Ghj8Y5Q==":"mbr-14-980x653.jpg","CBaGP12PwaX0WYT/bSBjgg==":"mbr-21-1920x1280.jpg","oxLUjqRZLpMOrj4E5l6Msw==":"mbr-15-980x653.jpg","94hdD33BnQZwPxrrV14JOA==":"mbr-980x667.jpg","N1zm6RIErhalK8MsYMO/PQ==":"mbr-1920x1184.jpg","VmzmkErGqUyNeRtzHPllEQ==":"mbr-1920x1263.jpg","dXwx3ErdmN8zztqQIooudA==":"mbr-1-980x652.jpg","6vnTWk/UCE3lFuusxf6sNA==":"mbr-1920x1255.jpg","hGRY9K+ae6oniCPtLY1fFQ==":"mbr-16-980x653.jpg","3ZVjEizuAJM6Gzs274FLUw==":"mbr-3-980x654.jpg","Pujgo16lw44bTYmSYxwr2Q==":"mbr-6-1920x1080.jpg","5WhkHrh8lvw/gl0LMz7Qrg==":"mbr-22-1920x1280.jpg","H/rr3jcJTVXIhyOrrn/o3w==":"mbr-2-980x1470.jpg","JdWDcf4GWVwD5A2F3DLpPw==":"mbr-23-1920x1280.jpg","L9Bhjz31v+Os+YHQMMUZ/g==":"mbr-17-980x653.jpg","mkvHX3Je/DyW7KNhX8uyuQ==":"mbr-4-1920x1281.jpg","1nw4b88NVdQo0UjUb2JwJA==":"mbr-2-980x652.jpg","LCJDdPkJlzL5Zw44PvC5Rw==":"mbr-24-1920x1280.jpg","okqF6+NOG0HZ0jHa6vSjzA==":"mbr-980x649.jpg","s7w8chVWKaHuPvcUDQSBRQ==":"mbr-25-1920x1280.jpg","VPXS0MtwSyTyNVKL9s0Ksw==":"mbr-18-980x653.jpg","3IPZttRbZORpuqL9wUhjSg==":"mbr-1920x1277.jpg","XPNnERJOKFX1G12EqV3f8g==":"mbr-19-980x653.jpg","jHPYxjHD9DVuhgVYEp6J7w==":"mbr-1920x1328.jpg","wxtEf+nQ9A44lug5pjcaaA==":"mbr-980x980.jpg","x1DzpqLU5lFeZW2uAneGcw==":"mbr-1920x1240.jpg","gGuS31jbxzpmzk8slLbWuw==":"mbr-1024x768.jpg","JT+56EOwaOTifzufTqwcNg==":"mbr-980x1356.jpg","EY6X4x/+hpXwAQaoO+I2Xg==":"mbr-26-1920x1280.jpg","2xuhKNZaN2VxcKwJtF9V9w==":"mbr-980x586.jpg","VDckt/Xqt5+znII/LRbpkA==":"mbr-5-1920x1281.jpg","FUm0VNpE1w7YbKJDOcM2uQ==":"mbr-1920x1223.jpg","UlHCGJT6X4RzQ9lV7tU4yQ==":"mbr-20-980x653.jpg","nGS2ckJmcQjCj8aJ01tqOQ==":"mbr-27-1920x1280.jpg","VsGJcuqvAGrnJxStK3qg0w==":"mbr-980x1422.jpg","UU6csF8A5aKngdMrbVOMeQ==":"mbr-21-980x653.jpg","p2xvZcZW8FXe63t5iC295w==":"mbr-6-1920x1281.jpg","KdBAZ5O932wjjyAj65OUTA==":"mbr-980x625.jpg","f/y9SM02tddEujWtitj74A==":"mbr-1920x1271.jpg","AVM8D+1dtaxsHdu/gMo/vQ==":"mbr-28-1920x1280.jpg","OoEH5yzxLcSO5TgA1EcLyw==":"mbr-980x629.jpg","R8dkytMyQ5ifZa+dg11F0w==":"mbr-1920x1265.jpg","Zx2MLw0AXEAYoBC37MDzHQ==":"mbr-6-980x735.jpg","et9VpMlNJE3mPB6BuJcJqg==":"mbr-1920x1276.jpg","qTke0npQtm1q/gko7hXATQ==":"mbr-22-980x653.jpg","5/M2tCo0MtLkyt/b/dYUOg==":"mbr-7-1920x1080.jpg","aJCZBFajYlJt6egJ7NLS7w==":"mbr-980x609.jpg","tpeFQyeG89PlN6HIbeygvQ==":"mbr-980x787.jpg","7+z7XBOCELuukbM3lHXmVA==":"mbr-8-1920x1080.jpg","SMFniMwd3ZSKPm4Ec93haA==":"mbr-23-980x653.jpg","MXMK9j/09NTnkGhV3bgnjg==":"mbr-4-1920x1440.jpg","4IvApMGaAg3hgX2FugWYVw==":"mbr-980x693.jpg","tJzjzH3u2jpeDpgmNqLVHw==":"mbr-9-1920x1080.jpg","Y9Fyg+7bEPzUieCK41hQnw==":"mbr-980x783.jpg","z2LBTYv6/7ivZqum1+EZoQ==":"mbr-29-1920x1280.jpg","x2pyenMELt56hejzX6ly/g==":"mbr-24-980x653.jpg","2XoKIuUHYCg0M0IsYNTqwQ==":"mbr-25-980x653.jpg","NkVMGLJlC6TzHpa4ARqCMA==":"mbr-1-1920x1263.jpg","tLOxxdj+jDCWlWBoZHq7bA==":"mbr-26-980x653.jpg","EjCoNdotpAZuGoUpMHkoJQ==":"mbr-30-1920x1280.jpg","Xg5o8uT2rP2fxapkOU+YpA==":"mbr-980x861.jpg","4YEWKmH8Ujika9WsFwF1Eg==":"mbr-5-1920x1440.jpg","4f65lt+hv8noJH/KmVbwGg==":"mbr-980x1410.jpg","iPftKhFYLdr54+qcCFafHQ==":"mbr-31-1920x1280.jpg","+Cq5NOVXEUbRBFCziEZ6BQ==":"mbr-27-980x653.jpg","uwUTk7vTQeL6CaZ6fHl4PA==":"mbr-1419x1920.jpg","38cULHm1/58yAWFUn95oEA==":"mbr-1-980x980.jpg","RoSMPRLbjkJAnieS/ihnlA==":"mbr-32-1920x1280.jpg","OxpHVmAiraZrdEI77vUanQ==":"mbr-980x687.jpg","VeGKhNuQvKodZUuGjv30cg==":"mbr-1-980x783.jpg","chtdE4/hwNxW2K2hVfNRTw==":"mbr-33-1920x1280.jpg","NByfikIVVx9BsAC3kR5mSw==":"mbr-34-1920x1280.jpg","ZFfIRo8flip0rxMG+emyKA==":"mbr-28-980x653.jpg","2hola28LBAY+5O+t3yyg2w==":"mbr-1920x1380.jpg","JaH025WsAxxhB0J4LKL89Q==":"mbr-4-980x654.jpg","udYPGal7WMzWQP4Fmyna8w==":"mbr-35-1920x1280.jpg","t77V0NKequUjUbKI6FlMiA==":"mbr-1-980x687.jpg","Ff8uyumrqOeDT1O5PiESDw==":"mbr-10-1920x1080.jpg","crYkFrlXiUW3W5CrIww+rQ==":"mbr-3-980x1470.jpg","LQUXDzmmuCDGGLKj1MxJOA==":"mbr-1920x1326.jpg","g2M3dMROyEoS3SO/lCHrBQ==":"mbr-29-980x653.jpg","H8WIBwk5F0Qf0LqlNPw+6g==":"mbr-980x550.jpg","7jby4qxGNqjN9ei1ngmJ7Q==":"mbr-1920x1232.jpg","Hyamm/DgnnfrdB6TtlhoLg==":"mbr-1-980x638.jpg","BevPwhp43Nm7WDyKOBS2Qg==":"mbr-36-1920x1280.jpg","Grcx0CXnDGbWzGfe5OYNmA==":"mbr-980x619.jpg","rRHeFATB3LHTg4nTvTPhTQ==":"mbr-37-1920x1280.jpg","h4LrHaNdfiRJVCvTLZ2U3A==":"mbr-11-1920x1080.jpg","47N7kMk1yOmFWIT3wTch9A==":"mbr-30-980x653.jpg","tVrFai+HlY7qKuwU0TASmQ==":"mbr-38-1920x1280.jpg","CTu+VIhD5RadFiJfAESLHg==":"mbr-7-980x735.jpg","2SjFa5CD2VWNRqppU/pOXg==":"mbr-31-980x653.jpg","bfMXciOUTNk7VqVGHG96Uw==":"mbr-1920x974.jpg","S11bCfe/y8Hwahkk8rCtXQ==":"mbr-5-980x654.jpg","rXaCpqyeFWih59zt55jkWg==":"mbr-39-1920x1280.jpg","4+BfZ8G7iFJmkVeF7bGAwA==":"mbr-4-980x1470.jpg","YIUwfj0id6GqzkWerknOcw==":"mbr-1920x1273.jpg","8nKkV9EGf1PoFP7lp7A76w==":"mbr-32-980x653.jpg","b2ZwCr8BfRwFonc10dlwuA==":"mbr-1-1920x1272.jpg","BWUS2dOuQW2lHt2I1r6CJw==":"mbr-33-980x653.jpg","JmL//xVsVKZmHmk5P4N5dQ==":"mbr-6-1920x1440.jpg","jDAb/QX/qgIsAD82kZD6jg==":"mbr-1920x1209.jpg","4SDTgEpX7pld6pV475+IqA==":"mbr-3-980x652.jpg","/CorYfh9RCpXkewGp03U1A==":"mbr-1920x1288.jpg","Wn9o1wvB/BwkSkhQlxck1Q==":"mbr-34-980x653.jpg","QtSDsbyYZSwhWdFqVFwEgQ==":"mbr-1920x1034.jpg","HP1JlQ0absWgZPgM/0c/ZQ==":"mbr-8-980x735.jpg","qmP96IQZYFUCiZNKSwztVw==":"mbr-1920x922.jpg","8c9AtXMidDW8HjYU9kSRkw==":"mbr-35-980x653.jpg","okSxbNxMLszrCl0RLM99Tg==":"mbr-36-980x653.jpg","X2ncCb9bOtAkcYGsFwkBDg==":"mbr-1-1920x1271.jpg","g8AEUf54ge0pIcIJoAZd+Q==":"mbr-980x846.jpg","v5GEpZF/kbGFjt1ysFcKeA==":"mbr-40-1920x1280.jpg","ifos3fbfiCscPEFcAcGOhg==":"mbr-1-1920x1276.jpg","vHTPh+KuGx2Wv/vSr3fELA==":"mbr-37-980x653.jpg","8k2a18EU7s6OfidwXEAy4g==":"mbr-1920x1348.jpg","8atH64y4lWQisTNGYeP9Lw==":"mbr-980x1225.jpg","FQthU1R0ymkL7liRNlncyQ==":"mbr-38-980x653.jpg","9VXqPJvyDFqUMsp6a9CIIQ==":"mbr-1920x1368.jpg","PLve4MCF2J9RGgs/leICOA==":"mbr-1-1920x1279.jpg","BwvusXo6ygu8lTdTMe1/KQ==":"mbr-39-980x653.jpg","cpfqTKommOC0L/snfAIO+A==":"mbr-41-1920x1280.jpg","QBOL7jLoneQ7gWjQa5qrhw==":"mbr-1280x960.jpg","jZjH2IjBBojS4GRIUyB6Bw==":"mbr-40-980x653.jpg","ISlHMVkA0dupVas5YvFxEg==":"mbr-2-1920x1271.jpg","4ZerxnXwD3DcInwNk4yJXw==":"mbr-4-980x652.jpg","oGi9aY344wPWk7Xu1xuURg==":"mbr-41-980x653.jpg","XMGPTYt/Qo8Ih5C6CYpPwg==":"mbr-1920x1521.jpg","4u2scJKTtfaCy6teIquNag==":"mbr-42-980x653.jpg","sXvIN27grpUY6vvMjeKLtQ==":"mbr-12-1920x1080.jpg","lVFbzFWV0KWTx1W74vaIRw==":"mbr-7-1920x1440.jpg","z7eACt/6Ylnwgw0U8eqdQg==":"mbr-43-980x653.jpg","wnP8JxZseB+V+w3CajJHcw==":"mbr-980x639.jpg","NZTJuUVaHCf0qFWlzCsUOw==":"mbr-1920x1037.jpg","8MapGFSfIWflG4OESpHYgg==":"mbr-7-1920x1281.jpg","U5fbqQRmd5R+zu2Xw69e4Q==":"mbr-44-980x653.jpg","XnNPud7wE4vOeHtzlnmOcg==":"mbr-1920x1257.jpg","tEv5xEQOS1e8NkoQtPlrvg==":"mbr-980x1305.jpg","SxnnasCRs30Kju0vdfKgdg==":"mbr-3-1920x1271.jpg","SlKQ/xFxsDUspKz6xCrwlw==":"mbr-1-980x700.jpg","YNVIMTJkb/MosAiSFmuGJg==":"mbr-1-1280x960.jpg","7wCxWZx6AI1ojcusll7gkQ==":"mbr-2-980x1307.jpg","dVrP/5zYfgjqxtruzKLYEw==":"mbr-42-1920x1280.jpg","DSEYv1wCJn/ar8reNcU1Ig==":"mbr-43-1920x1280.jpg","FTU8lohq9iy3zgbJ9dKkqA==":"mbr-9-980x735.jpg","EJIxBI4pXHG8d6au7iOM5g==":"mbr-1280x1920.jpg","ZnSF8/nnpcdqR+hNeRGerg==":"mbr-5-980x1470.jpg","T4jo6xQB0eVW4mZm0XtlnQ==":"mbr-1-1920x1278.jpg","4zOHXUfBcVn3v+ZoW2wrcA==":"mbr-45-980x653.jpg","uYfXvZuLVeUb1AAnsgCCLQ==":"mbr-44-1920x1280.jpg","3dYxMGLldMlwfZ6NWJgybw==":"mbr-2-980x551.jpg","chH9hobKbw4j7RrugVSZtA==":"mbr-45-1920x1280.jpg","C7thRTF4tZXqo9ZeIzQ8vA==":"mbr-980x703.jpg","Bo0364fp37IeJpOmIl695Q==":"mbr-6-980x654.jpg","jGy+b70hSjt2zjslCp3BUA==":"mbr-2-1920x1279.jpg","uKA0juwdBBDzLruDTX/V8w==":"mbr-46-980x653.jpg","XOWMDucHGuGSFAtEUq2/hw==":"mbr-46-1920x1280.jpg","FVxAqpR/avN8Ew8uYayl/Q==":"mbr-47-980x653.jpg","7F5ztXG4irE6hXWN0D9zqQ==":"mbr-47-1920x1280.jpg","I1gBeRPxgaeMekqqkoR8xg==":"mbr-980x792.jpg","tlWI9UvtYwSz6QaTeXoUFA==":"mbr-4-1920x1271.jpg","+HuPVoM+6oxa2gvcvr2NUw==":"mbr-1-980x649.jpg","qC2hrFpKfoafhgh0ivqGMg==":"mbr-8-1920x1281.jpg","/5GihIbPlWmhN9ZmQzfb4g==":"mbr-48-980x653.jpg","4aPAG7WGRsEmHmPnbMP9Fg==":"mbr-48-1920x1280.jpg","btrxQFR9G4bMPxExPSs4Pg==":"mbr-3-980x551.jpg","iMszKJ6TWMNdsQzXKP/F4g==":"mbr-49-980x653.jpg","uvjPtAESBnZirWR93s/oxw==":"mbr-49-1920x1280.jpg","K6P4I/LnkVVG4e3Tyf+Pjg==":"mbr-6-980x1470.jpg","Q8xnLgp5+p6oDYz77E5FcQ==":"mbr-1-1920x1285.jpg","8l7jG4myeQETDv03AygTqw==":"mbr-1920x1115.jpg","XKw1hAEIYnlaxfa6JMGJjg==":"mbr-50-980x653.jpg","KXSaooyMPYs8DKBHzt0b4w==":"mbr-7-980x654.jpg","g2E05sJxCCaxfLo1KmMb4w==":"mbr-5-1920x1271.jpg","kOqhEsL28E2CjIK5CjNgsA==":"mbr-51-980x653.jpg","DxUjlp016k7mzb3Pyz+iuA==":"mbr-1920x1086.jpg","eDo6MMVXXF1RlriaEzNrUA==":"mbr-1-1920x1277.jpg","olyN1jm0E3YdCLXGuEbDMA==":"mbr-8-980x654.jpg","zZX6E+NLQZFa1t5F1KxF7g==":"mbr-50-1920x1280.jpg","3SgD7+1LZ/GDmNi8OAzmgA==":"mbr-52-980x653.jpg","VzIH65UfaOTts2zjhQnrzw==":"mbr-2-1920x1276.jpg","VxYHGQ5LEuwIS9AU3IKc9Q==":"mbr-2-980x651.jpg","hw9pSy8/vxjrEqBY0msbxQ==":"mbr-53-980x653.jpg","j6a1C93Jwb4qyf3rCQEdRg==":"mbr-2-1920x1277.jpg","0+LRxaUZQ6U6aA+v8ixgWg==":"mbr-1920x1152.jpg","uT1aBwwKnCvEgqS1PiROcQ==":"mbr-54-980x653.jpg","QwH8UQFw3IXpSPTOVGaXJw==":"mbr-2-980x980.jpg","uoV5nuzeiOB7azQOJPDBJw==":"mbr-51-1920x1280.jpg","Qjj3UZCBDsQ0tkVRcrS9Yg==":"mbr-9-1920x1281.jpg","fxJwFaB4Ye+gfQsJ7Qjbsg==":"mbr-980x838.jpg","gZ2tgjeNPivVP1oQKCOxrw==":"mbr-1612x1920.jpg","8iuvaJvOG/ny46rjkGBevg==":"mbr-1920x1079.jpg","h7BNgn3IBKO9dE6TY7QKdw==":"mbr-2-980x649.jpg","Cn3Wt8O28BtYP3CgMfbIbA==":"mbr-980x803.jpg","VI/WCO194tc8/yJzw5XWqw==":"mbr-1920x1211.jpg","ziHou2aXxei84HSBeOvekg==":"mbr-1920x1242.jpg","M3VJGS83xtxL3HDy3XAWnw==":"mbr-5-980x652.jpg","bM1jSxTN+mVaW3ALrztx2A==":"mbr-10-1920x1281.jpg","CXxTN4/La/B9wvLaKJ/KWA==":"mbr-55-980x653.jpg","G1wzZR/69GqjAgURIvlL4g==":"mbr-6-1920x1271.jpg","Am20Z4hMqPIfUDcWQkixbA==":"mbr-980x655.jpg","eQSWwXp+f0D581MxjrwL/w==":"mbr-56-980x653.jpg","LkgDXz9elpuZNFvy3sdaaQ==":"mbr-1920x752.jpg","cNxQnPwK9tZwIZEtWpiXQg==":"mbr-52-1920x1280.jpg","mzrW0O7w9XOF4BRZeDfUiw==":"mbr-9-980x654.jpg","/A8SITEKuqOSQcL/K6buiw==":"mbr-53-1920x1280.jpg","ZxqnYm+iryyEEg/e1eZGOA==":"mbr-57-980x653.jpg","HP+8b7/dQJ6LqJgxHIGR4g==":"mbr-11-1920x1281.jpg","fExNTQ6tcGlEEhVqyw4ZHQ==":"mbr-980x545.jpg","+GBj3yJRhS7CZ9+Ecyjzlw==":"mbr-54-1920x1280.jpg","QYBynpLIoqt2jRk4A6DOMg==":"mbr-58-980x653.jpg","hRZ0HgMmAjYq0UmJjaMWvw==":"mbr-10-980x735.jpg","4brjzPgg748CMYHqWQmrrA==":"mbr-55-1920x1280.jpg","IHMMGKleGf/b/3esBYFFSQ==":"mbr-1920x1249.jpg","vMbdQ36hDXKpEnpRGoAPtQ==":"mbr-11-980x735.jpg","exg61KRyKkFkkVKeIfZoPw==":"mbr-56-1920x1280.jpg","LVqbFfkkQ4baWch50OxwSA==":"mbr-980x641.jpg","E+mu9nGKMn7SDfauz5qDBQ==":"mbr-59-980x653.jpg","LHX+KNqkq2ijR2R7aHwzcw==":"mbr-1920x1302.jpg","wQfoBQaeA0HX8lBNsMYL3g==":"mbr-4-980x551.jpg","1tpLvPsetL5xZ8PZLVKArg==":"mbr-57-1920x1280.jpg","q7UehcaOzgGyBUEYomj3Ng==":"mbr-980x671.jpg","2Lz5K7duxY/I3Z4jkPinow==":"mbr-58-1920x1280.jpg","57YQX7zcx3EB6TpJJfQkIQ==":"mbr-60-980x653.jpg","exMlcEjgk8j33Qjro8qgvA==":"mbr-59-1920x1280.jpg","CpAsh69AZaKEP3FtryNfyQ==":"mbr-980x562.jpg","im2Izo1JUadvY6tznW9OAg==":"mbr-1-1920x1079.jpg","CBKOuMwO72NMojGD8YNg6Q==":"mbr-980x656.jpg","wsIaLvpdViTxrZyGjTFkJA==":"mbr-60-1920x1280.jpg","FC/85HCs/vId3yfDmd7fmw==":"mbr-1920x1268.jpg","JE2mTS5ylAxmQF9+pe6ARw==":"mbr-61-1920x1280.jpg","tzoDYPEly0a8GpPz5OQC9w==":"mbr-61-980x653.jpg","5dw7UrBth5PbdFjvuuV09Q==":"mbr-62-1920x1280.jpg","i06qMp8pbKFO+pLbg/OTMQ==":"mbr-62-980x653.jpg","cuhEi+I+rzcDCqlavCNfFA==":"mbr-8-1920x1440.jpg","NW3AavrVLZWmjTz+ZNi8Hw==":"mbr-63-980x653.jpg","nEE6HB051vsTydGS1L/aYw==":"mbr-3-1920x1279.jpg","drT3MbOL52HvbYRjBqAfrg==":"mbr-7-980x1470.jpg","PTokC4cryI/nt4R0V+fy7g==":"mbr-1920x1236.jpg","Onfp90OGXBAVO4kenR53hg==":"mbr-980x720.jpg","/aZurN8heAhy9bv7gSKWIQ==":"mbr-9-1920x1440.jpg","Ihya8VibemPAgV7sevliMw==":"mbr-64-980x653.jpg","pU+Bg5cXFep1FKFotGbTig==":"mbr-1920x1266.jpg","V2X7CPQWbnvGNZA/I+pcgA==":"mbr-65-980x653.jpg","bJRvL65nsUJ4235AycG+lQ==":"mbr-63-1920x1280.jpg","iJZ1Pkd0LjZLoj1bWsdHnQ==":"mbr-66-980x653.jpg","a3RgCBACZYgdZ7l6Ijsk3A==":"mbr-64-1920x1280.jpg","yZ2rqrfsAHX2QXhUl+bImg==":"mbr-67-980x653.jpg","NonDMIZOxXtAhldePRe9jA==":"mbr-65-1920x1280.jpg","TKIUZh92GmUUzLxG192M/Q==":"mbr-980x1355.jpg","2sOu8Zhm3jFgfX/A6LgzvQ==":"mbr-3-980x649.jpg","66PsM/I+Met8YiI/x2e29Q==":"mbr-66-1920x1280.jpg","aNkZkQKiQMUuMSXMkkgIkw==":"mbr-68-980x653.jpg","nvN6nbQk+2A6gqSxTh/Jaw==":"mbr-12-1920x1281.jpg","BAQjO4lZD3JYACbVWCVV3Q==":"mbr-6-980x652.jpg","XFY+dekBZJ+Qh0+3w2PCqQ==":"mbr-67-1920x1280.jpg","P0JhBPsbau9G8tfe9R3FPg==":"mbr-980x740.jpg","Z94xK2N0B21NHTOS5PLqwQ==":"mbr-10-1920x1440.jpg","t2yv20VAOMMABmL2PtrTaQ==":"mbr-69-980x653.jpg","F5012TnKs0zaLb+QZvD84Q==":"mbr-3-980x651.jpg","8xMj+zFh/fF5cKN1PpsXIA==":"mbr-68-1920x1280.jpg","R9QTY6IrsuI3h4BB8AiS2g==":"mbr-980x1195.jpg","jRUF0HGJpdCSgvS1i/6z8A==":"mbr-1920x1307.jpg","8qbfGm/GFDjpk8PPrGDJqg==":"mbr-70-980x653.jpg","B5IN+aCbkndRONonvqv97Q==":"mbr-980x581.jpg","2KeZGO5LI8apSGFIF+p+Ww==":"mbr-11-1920x1440.jpg","hkZfjllozYxY9io5PNJq7w==":"mbr-1-980x656.jpg","wZZY8Xn1imnVi6HEV0J5rQ==":"mbr-69-1920x1280.jpg","1+YIUnZzi8eQo4xTC5QOzw==":"mbr-980x736.jpg","p6iWnBmY+8A7yDAZwV1PEw==":"mbr-1920x1068.jpg","C4tl8CnDDeqqSn0euwpeBw==":"mbr-71-980x653.jpg","XF02BNoyk4X0/j9pD9AnUw==":"mbr-980x523.jpg","myqbjA1NtnHeBVbB8tGaJg==":"mbr-7-980x652.jpg","Ilwlor/NZUkxCkM2yWur+A==":"mbr-72-980x653.jpg","8KZgHxf7VfScyQTA2HHfSg==":"mbr-1920x1100.jpg","W0x6BdMUPwKXnwO/lKxezg==":"mbr-12-980x735.jpg","L1hjgOzeyDoGBLr7T0/wlg==":"mbr-4-980x649.jpg","I/METou2oTYnaoDmOKkpqg==":"mbr-13-1920x1281.jpg","naiefOPKvaYW7iuhoCuXKw==":"mbr-1920x982.jpg","wITTPjU0mDZTaSaAExFACw==":"mbr-73-980x653.jpg","d5fiWUhXZM6BxyTmFxRU/A==":"mbr-70-1920x1280.jpg","kRcfOdLcrSw26SMzCS46wg==":"mbr-74-980x653.jpg","Fbe3Al5fFiNDS4G8rK/2PA==":"mbr-12-1920x1440.jpg","G3KyhcomUany4UPhWGhibQ==":"mbr-75-980x653.jpg","ky6cv1lfP3QRCRbJ6gXSoA==":"mbr-1920x1406.jpg","A9PMAuGeIzZiKWLyNLAjYg==":"mbr-76-980x653.jpg","w4PDbo6K9W+gzWmz9EC3Zg==":"mbr-7-1920x1271.jpg","WqgyhX/MRTAc2qU1NBjuqQ==":"mbr-77-980x653.jpg","EvYx/a6R9g04axMoeSt4uA==":"mbr-71-1920x1280.jpg","K/lKqb/HgFozWJh3ticM2g==":"mbr-10-980x654.jpg","NiBpJy1hgi2TdAh4U22eyQ==":"mbr-14-1920x1281.jpg","2jbrix7mU9BYkK/Y89bohQ==":"mbr-78-980x653.jpg","z8t408yM3JvxCMBKZrsC8g==":"mbr-1-1920x1288.jpg","Tzj1NDQ9ZDIsxl2adkdFTQ==":"mbr-11-980x654.jpg","MgCeXpPizkcW2z3sWnk+Lg==":"mbr-79-980x653.jpg","0Bo+yuWS4TGDVT9wqzbBZQ==":"mbr-80-980x653.jpg","+ZzYP6oo1j2tiPj9VCucsA==":"mbr-4-1920x1279.jpg","Ngh6Izb7VtaSMs13gdeWLg==":"mbr-72-1920x1280.jpg","/BgkPZtMUhL6/mRC2OG8Gg==":"mbr-73-1920x1280.jpg","yfTffZ+py+MP6BtQEyYg1g==":"mbr-81-980x653.jpg","460W0DzAi9BforRJtOGCaQ==":"mbr-980x640.jpg","vSys85TQhHqkx1F8VCHMTw==":"mbr-1920x1275.jpg","TLM4qHPwfhQZA7zCRiJ6/Q==":"mbr-82-980x653.jpg","796GRgDr/xZkYi3NHsCHaQ==":"mbr-1920x1075.jpg","ZOlmnASoer0WX3mYvijDwQ==":"mbr-980x903.jpg","+Bk3qq4QUI8ShDAf3VkU6g==":"mbr-13-1920x1440.jpg","SXb0IOsmGRwGjllqpuUmxA==":"mbr-15-1920x1281.jpg","HRugoJI4jVqszuDGCyuY9w==":"mbr-980x447.jpg","t+V1mdKvkioRmdVB+Ov/yA==":"mbr-13-1920x1080.jpg","cWR+MrsS7oEKR/LOVoiCnQ==":"mbr-16-1920x1281.jpg","TRUGxQJfcWQN4DckDAyw6Q==":"mbr-83-980x653.jpg","DeAK/63rXokWOdCUCF4kJA==":"mbr-84-980x653.jpg","rAVv68k8rNWRtu8neIlcjw==":"mbr-8-1920x1271.jpg","d6jE7jaZMQLPulczAui+xw==":"mbr-4-980x651.jpg","I68mHSo6UmbDwCYxOmUJRw==":"mbr-14-1920x1440.jpg","vibH0H8HRH0520UO+xL0kg==":"mbr-980x645.jpg","ZaV5zTRw/BmJ6WbHwvFCqw==":"mbr-74-1920x1280.jpg","Onh0FEA/inq+kJ7Zvgcskw==":"mbr-85-980x653.jpg","SfjsaddsFDtIATHW23BZqw==":"mbr-1920x1282.jpg","G8WVh6ZelkbEbfQJHuCx8g==":"mbr-12-980x654.jpg","/XgIn21B3fSUf2U/4BllBw==":"mbr-75-1920x1280.jpg","SaBLsvBQmq3UtC/9p8PfvQ==":"mbr-86-980x653.jpg","O+IwYIzB47AypJ4eeEgE8A==":"mbr-1-1920x1275.jpg","VY1Gr3d4EWdsAorv2N0RvQ==":"mbr-76-1920x1280.jpg","IrE1hI5M+El1YPdqT/21NQ==":"mbr-8-980x652.jpg","RSCHf8iOUttcoj4GkzFwSg==":"mbr-77-1920x1280.jpg","XOnVcCX6XIkPDByPOOrMvw==":"mbr-87-980x653.jpg","3aFJel2PSLv3wuy+ajPJWA==":"mbr-9-1920x1271.jpg","XCiRzeKsoWXmDAguGOWKhA==":"mbr-88-980x653.jpg","F2AParD5g2UMAXVjeecLOw==":"mbr-5-980x551.jpg","EXJUGEUbSVnlBmEMFFaPvA==":"mbr-17-1920x1281.jpg","+f8dJOzCBnnyUylrG2qpRQ==":"mbr-3-980x980.jpg","vs3NQXVzler00I4K6jPTWQ==":"mbr-6-980x551.jpg","EFaPr4iY2zWS44zfxkADUg==":"mbr-5-980x651.jpg","kZB1B6cPK4uhNvdL4zqpJg==":"mbr-1920x1621.jpg","FqdF9zp8hCgNDQzRnRXcDQ==":"mbr-78-1920x1280.jpg","WxdjdcCF91N2fHoSYFpeMg==":"mbr-89-980x653.jpg","WxWFzOD1l8mlASviLdEl1A==":"mbr-1920x1274.jpg","POzh2Z0AkkHYMjuSHIvapw==":"mbr-980x623.jpg","ZDVQ96iY5s47xURYQ8DCwQ==":"mbr-980x753.jpg","Nun7dActNzh4Ma/DK9MWNw==":"mbr-15-1920x1440.jpg","AOOHW3mSMnw2KYcr3PtRcg==":"mbr-79-1920x1280.jpg","XCly69L5GJsV8SrYneRV+w==":"mbr-980x604.jpg","DF5UWIkWDhZ/QRP1pkjdGQ==":"mbr-80-1920x1280.jpg","/W4GStikfXn0eAqVEypLNA==":"mbr-90-980x653.jpg","DYTCS+epmi38PeAQIAxtzg==":"mbr-18-1920x1281.jpg","L7y/SWuXQqsehnWHJSLrAg==":"mbr-8-980x1470.jpg","dkUlycCYN4dL/k8cIfT2aA==":"mbr-4-980x980.jpg","ZLnwSgGJnTbSYcWr6DLUww==":"mbr-81-1920x1280.jpg","MICBDjkHmLyLh//P0hQyig==":"mbr-82-1920x1280.jpg","WuJ43VWTIlCcbtjRVgtmgQ==":"mbr-980x647.jpg","pQjjSxjfaz359TiXXIa7sQ==":"mbr-91-980x653.jpg","dmglGE4dPSuhoaNII6lFbg==":"mbr-3-1920x1277.jpg","QTagLi5cwTOeXvL65rb/Ow==":"mbr-1920x1160.jpg","smhWLUHnAM1MgRKPojW9TQ==":"mbr-83-1920x1280.jpg","1qprc9cwgWbslEi1qp8HIg==":"mbr-92-980x653.jpg","tu+DIiHVHXbCklFnmZ8NQg==":"mbr-1920x1221.jpg","rAmII1+utaZB22cF88CSIQ==":"mbr-93-980x653.jpg","sHaeQICIyH0XWwIoQD5N8Q==":"mbr-94-980x653.jpg","CrCDY1KpxAYBQCJuev6j7Q==":"mbr-3-1920x1276.jpg","FphJUMS/zV6LmAh5Og3S1w==":"mbr-13-980x735.jpg","AkdgJJA+l617iZw5i0O0iQ==":"mbr-1920x1078.jpg","0zJHgwu80fjRRyAU6/AzgQ==":"mbr-7-980x551.jpg","R1mzvN7I3sJmrqG1MiwGUQ==":"mbr-19-1920x1281.jpg","G1jLt+bgR0U91wmq4xGFTw==":"mbr-5-980x980.jpg","OSOJzjJhzUYUcZMLWl/sTA==":"mbr-84-1920x1280.jpg","+Am2FO9irH2CMmFfPjhhwA==":"mbr-1920x912.jpg","TlXvprJ4VBxlaN8GIIKi3w==":"mbr-95-980x653.jpg","gTw3QWueCLI7vyftWPd9lA==":"mbr-85-1920x1280.jpg","IycrP5eL7C3KFLWLcK013g==":"mbr-96-980x653.jpg","FjIqcj+BbvLioLUnh4DEXA==":"mbr-97-980x653.jpg","IsyDODCTtpOHKJXOhun7ew==":"mbr-1920x1371.jpg","UrlYwgiS/m+51Xc2gKXUzg==":"mbr-980x900.jpg","9PlBCI3NlykJWBB3cZNeRA==":"mbr-86-1920x1280.jpg","HjDJx9Se1/+Q7q0Y7bvV2w==":"mbr-98-980x653.jpg","gZWuaCmyAPg1Q8hqEsEjlw==":"mbr-4-1920x1276.jpg","3EHcjYTph9gWIKeeUlHD8g==":"mbr-8-980x551.jpg","D8/Tp1P/ixJcznKaXDQd2w==":"mbr-87-1920x1280.jpg","6zAurwxwoaC2zXjxvZK3GQ==":"mbr-99-980x653.jpg","LisFPjhSKxDMh694FdlpLw==":"mbr-980x501.jpg","6iuP7ztXTz8sqBSvFUDiDg==":"mbr-88-1920x1280.jpg","Bm9G2qJ7ruwLhliOHeO7Cg==":"mbr-100-980x653.jpg","TI4WLEoYxcGsdTYAiJ+VWg==":"mbr-101-980x653.jpg","ouIUyxW1cDDv3TTdpy7RYQ==":"mbr-89-1920x1280.jpg","Qj4obHWYUhnrd/xzml0Ryw==":"mbr-102-980x653.jpg","rUQlqS8o5iZoGavVRbiEOQ==":"mbr-5-1920x1276.jpg","tAxP2jqqJQNg80j0ggm3qw==":"mbr-1920x983.jpg","ONaBocz5Kl1In2CHJAnnaw==":"mbr-103-980x653.jpg","qgr9uB16Q7sdIJ7FjmEzoA==":"mbr-104-980x653.jpg","C0Jvt4aBKR6pm8u7XYeqRg==":"mbr-105-980x653.jpg","Xl9sHCIV+Jk+r89qygP0eA==":"mbr-90-1920x1280.jpg","bXZ0K871UgG3ZcDIv+yzMw==":"mbr-14-980x735.jpg","LzalIaisOaQX+q0x6CyItQ==":"mbr-1920x1437.jpg","mWasfHNklqBax5q5ybxPdw==":"mbr-980x1473.jpg","x5nLcixsvjemVgGvdzrPKg==":"mbr-91-1920x1280.jpg","25FXY1DJcSGasNV093vEow==":"mbr-13-980x654.jpg","kj+Ncp7db3pQo+oBV03IUw==":"mbr-92-1920x1280.jpg","/EXXegb9L8SdhxpOO0JmIw==":"mbr-106-980x653.jpg","Gnzr43G8eFCLTeVPpUYKNQ==":"mbr-16-1920x1440.jpg","Mug3oHv8gWjzi/KIgb/Gmw==":"mbr-107-980x653.jpg","k3OFq2qOiLLGPGOUYV1ooA==":"mbr-14-980x654.jpg","itgeqpQGcCXPOaCaOMrPMw==":"mbr-93-1920x1280.jpg","RYWTvC3oVo4RgnTOZzepdQ==":"mbr-94-1920x1280.jpg","U3RN71l1kO/G/WUMjIi4vw==":"mbr-108-980x653.jpg","uun1xywariFJjw9UAu2J4w==":"mbr-15-980x654.jpg","bByKzXx7s/X3SD2NANIgyw==":"mbr-17-1920x1440.jpg","FXIn8DqrXfVflkyzMVqHOg==":"mbr-16-980x654.jpg","pyNuzT8FR24SAY2TrcTJyw==":"mbr-15-980x735.jpg","ugVTpoXmf45AsZTyz336cQ==":"mbr-95-1920x1280.jpg","qB0adc6+nhoDVAjyUp2lnQ==":"mbr-109-980x653.jpg","0f84MpA6M3WIkttb4BfATw==":"mbr-1920x1201.jpg","gJ3GoWGIw9XzSFPcRXeZOg==":"mbr-980x857.jpg","i3Nx4qC5GcWCRq0Kg8ustw==":"mbr-18-1920x1440.jpg","37h2ILJaXOskMOl5HYI5Jg==":"mbr-110-980x653.jpg","q8gHntmSi351TxryVEI/cA==":"mbr-111-980x653.jpg","xNMoqtdvtpXt6aN/rD/U8Q==":"mbr-6-1920x1276.jpg","3Vp8A50Vh35v3W8iANYxDg==":"mbr-112-980x653.jpg","ooqMHkIlaNWnCvQvHUCWmQ==":"mbr-113-980x653.jpg","U9LuVbVgOmD/KSLe5pm6GA==":"mbr-96-1920x1280.jpg","WEJAOrfM6HiUAeC/DWql5g==":"mbr-5-1920x1279.jpg","6LaLaTDRhGMms5Zz2laC9Q==":"mbr-114-980x653.jpg","sMjm9CTbEbhEFs8CY/wAzg==":"mbr-115-980x653.jpg","cHmzNIjBOVuDKKa+EW1T7Q==":"mbr-97-1920x1280.jpg","MaospaREqA+jy/r6SBZs7A==":"mbr-1920x1113.jpg","sBFGTA14ZY7vX5+FVQzdLw==":"mbr-980x719.jpg","ImXIvR9lwEhYe+sfDXqxqA==":"mbr-2-1920x1275.jpg","/KzZSdl3qkGBLBuOdkDz3Q==":"mbr-116-980x653.jpg","jZdF/uDW5GT3Z/aaXrElAw==":"mbr-117-980x653.jpg","qHjLSkVnwGjy/j9LVbLHmg==":"mbr-98-1920x1280.jpg","I+cQbOXJZhzeWe959ZOTbg==":"mbr-1920x1379.jpg","+QCdR4YWSL+o7x8NhUs8yw==":"mbr-5-980x649.jpg","+ztmX28hiWzOl/TX8zKfVw==":"mbr-17-980x654.jpg","G16jy70NxiyHsatp85UgtQ==":"mbr-99-1920x1280.jpg","EB62Esd9b31njFIjTfPAjA==":"mbr-118-980x653.jpg","qKKs8hahAnVhsH5Hd++twA==":"mbr-100-1920x1280.jpg","Ahf3nXCAs2kxEHWQx2Rtnw==":"mbr-16-980x735.jpg","BE250IrA7Xi7Y977Wdbh8g==":"mbr-2-980x656.jpg","7o8+G+SUDSIk2u0O8UYcCg==":"mbr-101-1920x1280.jpg","+9ozJoOO3/6VbSz3TUWzDg==":"mbr-980x875.jpg","H1AaH80VPKHMgGhGrdj3Yw==":"mbr-119-980x653.jpg","27kri/31+T1jInIlgrxMTA==":"mbr-102-1920x1280.jpg","LqG7EQ5DYA16k6v4mE9u7w==":"mbr-17-980x735.jpg","+5UmhtRxBiIBu39pndRlew==":"mbr-120-980x653.jpg","TwqChgMFfbq95DhSqLxM2A==":"mbr-103-1920x1280.jpg","bpDsGy0hcHazlH0IXlScFA==":"mbr-121-980x653.jpg","EfksgiGfp577gS6L9Ffwbg==":"mbr-122-980x653.jpg","cGSo5oKKRjBs+rKQkryzkA==":"mbr-104-1920x1280.jpg","rfZTosjgfAj+dIAzNYxpUg==":"mbr-19-1920x1440.jpg","u4hEUPoReNmWzS7qHVnt5Q==":"mbr-980x1742.jpg","rtejfLKWiR0+PvdrGKVvjA==":"mbr-14-1920x1080.jpg","8UM7VUeEyoP6FoO6Q9j6TQ==":"mbr-9-980x551.jpg","m55uFNE+CG076c+YddUz1w==":"mbr-4-1920x1277.jpg","2YSQJrVjIeHyRIdX5erj/A==":"mbr-18-980x654.jpg","unaJwyc5fuKs3vdHnEdxow==":"mbr-20-1920x1440.jpg","w++br5WmFUkW1aFNeWc95g==":"mbr-3-980x1307.jpg","LsLr1M4X4UfE5k7tTgwZhA==":"mbr-1920x1158.jpg","1kWSG7GFQyA0YqHeXtxrvg==":"mbr-980x686.jpg","Y4O0Yr44E2RdaShmxuLhAg==":"mbr-980x805.jpg","4dc2RO3jTfp3LMIa6yh17A==":"mbr-105-1920x1280.jpg","xjbYMOn9LQ7H94zYbTgY8w==":"mbr-106-1920x1280.jpg","wmhkxs3hBpVexa4RxvPXUw==":"mbr-123-980x653.jpg","alKIhSauEJz8Dss7elGqQg==":"mbr-124-980x653.jpg","nuJAddtEM7Iu1QH6LCIhug==":"mbr-2-1920x1278.jpg","S62sph54enEz/oPZitDY+w==":"mbr-980x617.jpg","I1e9pB8LtcPDRP4clNXtBA==":"mbr-107-1920x1280.jpg","jv1/BODZeCbqlzOZEL06Pw==":"mbr-125-980x653.jpg","JkB7HwI7vZVeIg3ZFnZQaw==":"mbr-6-1920x1279.jpg","PPDPECc2fC9lyq9U0LZBJw==":"mbr-126-980x653.jpg","Xn7AF3s72i0lExe0lKJn7g==":"mbr-3-1920x1278.jpg","rJONi6qlmzJqQQaLR6ULxQ==":"mbr-127-980x653.jpg","CxuB/3k11EVK0xYPAMBoeQ==":"mbr-108-1920x1280.jpg","m7oHpa3rKJKWrQwLLidcDg==":"mbr-128-980x653.jpg","QejEM95Pj/+XSGLQegSsMw==":"mbr-7-1920x1279.jpg","g9keULQE047aTRmFFBla6w==":"mbr-980x584.jpg","LB+pj1kRgzfMuPaWkWHM2g==":"mbr-7-1920x1276.jpg","OmA0cj3Zez9D9M/fHvO2lQ==":"mbr-18-980x735.jpg","Di8T6NzJy4JPSd39XAnPHQ==":"mbr-109-1920x1280.jpg","QW4pydhDZE/JJJkJoX0upw==":"mbr-3-980x656.jpg","l8B1nlPNS+1rD40HI+htzw==":"mbr-1920x1354.jpg","2Zs1llhVLPKrpHOhLqQlIg==":"mbr-4-980x656.jpg","m9QKX48NSG1Ox+YC10Ey/g==":"mbr-8-1920x1279.jpg","3GunNDfI+SHWyxPATMAgBQ==":"mbr-110-1920x1280.jpg","PLt47WuL8B3i6CRGYEb1kg==":"mbr-129-980x653.jpg","f7jcwZzRrcy+4QTeAaMDRg==":"mbr-111-1920x1280.jpg","BQ/loVzkpBXajX+8nzp4ZQ==":"mbr-980x1444.jpg","6t7uN2RihRWxLcIDKoGomA==":"mbr-10-980x551.jpg","SPrb7u7QyERezQh5SpAoyQ==":"mbr-1440x1920.jpg","bSs/dZb1aCd/VSxYtgq1lQ==":"mbr-6-980x649.jpg","yEXfDfniZXSJA0bvMWFM7Q==":"mbr-112-1920x1280.jpg","A9tEKz8E/0Hl1UjNlmCl3A==":"mbr-11-980x551.jpg","58ZxMsv3QGwsiNfr37IraQ==":"mbr-113-1920x1280.jpg","L80T7UW9Co/PCXq3tWMPzw==":"mbr-19-980x654.jpg","K1S0mgWEF7b3cTz+WMlDIw==":"mbr-1920x1248.jpg","EEbqxJgDPjBgN8v5DOF2Zg==":"mbr-19-980x735.jpg","lnb+DRA43SEH6EhS7zaPHQ==":"mbr-114-1920x1280.jpg","BLZf8qhvmGqkm32qLZKYZw==":"mbr-980x707.jpg","gjHbGyOWfPgSeN0gtlmM2Q==":"mbr-115-1920x1280.jpg","GdQJ7wZJ/c+4Jw7RIhRbKQ==":"mbr-12-980x551.jpg","sLYIbQ4sv4B2yf+s9LFR0w==":"mbr-1920x1051.jpg","DXl+E0YxbOhMSYrxo3aG4w==":"mbr-2-980x700.jpg","I9TTpjpaMRbpGI6Cd0vNuA==":"mbr-20-1920x1281.jpg","CwVkeq9SE+ZRrGX2R8oSIg==":"mbr-130-980x653.jpg","U6WNXDCBbpkhNeeBvmWPmQ==":"mbr-15-1920x1080.jpg","AHJjtwTlbnGLFRRU9tHVZw==":"mbr-13-980x551.jpg","DPlItl2mpPLquzjlE+fd9Q==":"mbr-1920x1366.jpg","mjHf7Jf40Vihigv11VHDQQ==":"mbr-980x502.jpg","TdY64IwBLj/eKYZUvQBu/Q==":"mbr-116-1920x1280.jpg","V/h5Fgbtl+7/ZdVrrmjXLg==":"mbr-7-980x649.jpg","bqAnxz6sfkMRkMfKIZCZVQ==":"mbr-117-1920x1280.jpg","zks2a/N7NnFt7xT6s/bFnQ==":"mbr-131-980x653.jpg","E3PxlEFEM5slLXbs7tC5+A==":"mbr-118-1920x1280.jpg","j9OvwggYmU6H5dnzge6wxA==":"mbr-4-980x1307.jpg","+mzsUCoRU1HfUHph3mrA+w==":"mbr-16-1920x1080.jpg","DIKFW0TRenamYnnqcR4ALw==":"mbr-980x699.jpg","2LcKC3JA2OE0XLaxsoI0Aw==":"mbr-119-1920x1280.jpg","nd43TGxZfVD4Je8TQQO09Q==":"mbr-980x1479.jpg","e3E6sE+BUZWBbld37HyylA==":"mbr-132-980x653.jpg","1tq2WWMWtE4j8x/fopBY5A==":"mbr-120-1920x1280.jpg","5WkWeYTDiMoyRd+SGsRS2Q==":"mbr-133-980x653.jpg","dHMcXx+Af+P0LjD2meaozg==":"mbr-121-1920x1280.jpg","BCsjn5BVVUAPXbQjldAzWw==":"mbr-134-980x653.jpg","xhkizO8QPBS0IsBk7mnLrA==":"mbr-1920x1476.jpg","MWN5wnQQk7h6P8QG5RvFTw==":"mbr-980x733.jpg","uenUBT9HVmXZPxcMbLi1Mw==":"mbr-1920x1658.jpg","sn7qDjanmq3B4WKOoXrnuA==":"mbr-9-980x652.jpg","ut+e5aC451WfRa3uZwoeXA==":"mbr-1-1920x1113.jpg","CraydSCVOqwJsLlK6OtceQ==":"mbr-980x579.jpg","oR+x3wulntAO490rilf1Fg==":"mbr-21-1920x1440.jpg","tulbQh4fDvQFux9+qlqlNg==":"mbr-122-1920x1280.jpg","FpI23B+q+0H9Gx+MJJiW8g==":"mbr-135-980x653.jpg","U+q0MiWgpTwLKeGV5LvcIg==":"mbr-123-1920x1280.jpg","s8i021fag7rEKOrKR6I3qQ==":"mbr-136-980x653.jpg","JN2B3Xw9RgbRiRNn7xMzsA==":"mbr-1-1440x1920.jpg","acWu1nVkGaxZDRcfv68kRQ==":"mbr-20-980x735.jpg","fI1PC8rcV39WDJjf3GGMJw==":"mbr-8-1920x1276.jpg","xVv/9a/t56gPNSKJ7EAyeA==":"mbr-10-980x652.jpg","vKyJyh4USS4JGauECj5i8w==":"mbr-124-1920x1280.jpg","SZA7QO4IyoRUwrSjCnSXnA==":"mbr-980x1469.jpg","KovYIYw1BLHeWR+2KsqwDQ==":"mbr-137-980x653.jpg","9NlHfphvIx5G683L9vp7/g==":"mbr-1920x1574.jpg","/MEr3lJ8cZxWLAoHeBXSqg==":"mbr-138-980x653.jpg","RMbqtMFKCe5SPWcxo0kHXQ==":"mbr-1920x1212.jpg","rps5f1i4MrdpRN5K6EFoCg==":"mbr-139-980x653.jpg","KP1WZrj/QFiPRDWMzbzXpA==":"mbr-4-1920x1278.jpg","+coyvhTFgq/5M06+wQz3dg==":"mbr-6-980x651.jpg","IF7dxChSRCx6aVrZ0Hclow==":"mbr-22-1920x1440.jpg","nZMBtkG9w99aq2ZziMKoWQ==":"mbr-140-980x653.jpg","c6OyPAL8WgJWS87Wq89DnA==":"mbr-23-1920x1440.jpg","O1TuQazN4yh8FcvF6Z+VSA==":"mbr-141-980x653.jpg","BHHpXNC9yLRtKCmhvycKwg==":"mbr-20-980x654.jpg","lcr3eR+b5V1j04fn+9YzLQ==":"mbr-17-1920x1080.jpg","EI65RkqFwKH7kPMRyJtIlg==":"mbr-142-980x653.jpg","zr/M/TduKv0B18NWfECy1A==":"mbr-125-1920x1280.jpg","8GEA/wvSP2RH/ztlCEwLWA==":"mbr-143-980x653.jpg","oVI+iGCWmKRoOAeZRAcCRA==":"mbr-1-1920x1371.jpg","cThz6uXjq6/1laHpDvrfhA==":"mbr-21-980x735.jpg","dBi7yHVED4KLNvEBWznHLQ==":"mbr-144-980x653.jpg","UPWBf9o4MNgscCCHrWP0cg==":"mbr-1-1920x1253.jpg","lC9ZRs5y5xN9xjj5WkRAYA==":"mbr-145-980x653.jpg","e5z1UKWbQ0a9YZ6IEp97qw==":"mbr-126-1920x1280.jpg","yrCNYlrrSjaClcyyX0RHEQ==":"mbr-9-980x1470.jpg","CgxNUJmGWKrEXJZpMi4xhg==":"mbr-18-1920x1080.jpg","lKYT8BKuWGbraLJTH2HeFg==":"mbr-10-980x1470.jpg","5trZcqNHQ69XQRENxuxuAw==":"mbr-127-1920x1280.jpg","bqJCIv3NgvkPpO1tRkG/Dg==":"mbr-146-980x653.jpg","2Ez+HUy5Hlw+uG7tMO3Bvw==":"mbr-19-1920x1080.jpg","48XW1UKkkD+3UjND91eKuw==":"mbr-21-980x654.jpg","eT3Z2G7A6xMnk9jp4/ck4g==":"mbr-128-1920x1280.jpg","4xxgRpDGNYwBoW/32DJRAQ==":"mbr-147-980x653.jpg","cE0G/SDBG2V+G4okCXRT8w==":"mbr-129-1920x1280.jpg","q/xlV3JWs+52wdt5q1RROA==":"mbr-130-1920x1280.jpg","BlOJdTuGgt2gok+oY8vTIg==":"mbr-148-980x653.jpg","WUhHcwazFXswi+t2Yo6b9Q==":"mbr-131-1920x1280.jpg","OTWW+X3Fyv7MzNOeNcycdQ==":"mbr-24-1920x1440.jpg","h9Kzu5AvuDyQwXFPi4Ueuw==":"mbr-980x681.jpg","Hg1ne4Aet9IvkzguynB75w==":"mbr-1920x1535.jpg","8/7nf9ItQPbCLXqV5wB5rA==":"mbr-149-980x653.jpg","VIPs/fJXEqfASSQzHebBhA==":"mbr-14-980x551.jpg","HQQgxmXP8tCuK3ygRfTdRg==":"mbr-132-1920x1280.jpg","lsvT0GjHTbFnENJWa8kl3Q==":"mbr-150-980x653.jpg","YNemXG4NJelw8y+hSslHDQ==":"mbr-20-1920x1080.jpg","azeoXhZlI6twXiRJpYTGYw==":"mbr-980x672.jpg","HW/zv8pYY5xk7Mow7mpScA==":"mbr-1920x1327.jpg","JaKewdLonUhwz0csLl+3Iw==":"mbr-11-980x652.jpg","2Fz2tjWXcTeQZoJAc2R3/g==":"mbr-151-980x653.jpg","cjQXoxdMmVCZ4JCS7qqgbg==":"mbr-2-1920x1285.jpg","fpkjvvuLx+X3c6b4Qq30Gg==":"mbr-152-980x653.jpg","fUMSpup089PzCVskMKDKHA==":"mbr-25-1920x1440.jpg","EdEqGRv/3YC2tH/FMJqFFA==":"mbr-22-980x735.jpg","tGndYsMJuO9l83wXWQIM7Q==":"mbr-133-1920x1280.jpg","IcWAb+TAeZdOr7uJBqAVSA==":"mbr-21-1920x1281.jpg","XE14eP8GtStUCQozdEpmVQ==":"mbr-980x659.jpg","9QOg9VGw1QNKcAHHDh+LKw==":"mbr-21-1920x1080.jpg","GMad+ZulFChmfDemQufwXA==":"mbr-15-980x551.jpg","pKox6FFJMW3SKb/Wzyazpw==":"mbr-23-980x735.jpg","oKdOJa4MkpgKus1SJiy34w==":"mbr-26-1920x1440.jpg","A/ZNVw9K9oxXu3uG9jdUvA==":"mbr-980x1336.jpg","BZ0NVuwAecKMf+CsVDIuKg==":"mbr-22-1920x1080.jpg","PcQR/GDtEKcPyhJCGTZHtA==":"mbr-11-980x1470.jpg","uONPNr3U5vq7UqQ7vbXkjA==":"mbr-10-1920x1271.jpg","fq+SCDO7KHklVt+uMkazvQ==":"mbr-12-980x1470.jpg","v1H5mItt+SjtyKzbmvZKdQ==":"mbr-24-980x735.jpg","QzBUjJus5vN66VSb4GiTbg==":"mbr-134-1920x1280.jpg","SviJNGnTDhg1/CzWYEvd2w==":"mbr-7-980x651.jpg","OivJ3on/32x/Gb9qNo7Llg==":"mbr-135-1920x1280.jpg","KLOOimo/hVNTbhjA8SNq0g==":"mbr-1-980x641.jpg","SRblxJx8A2t3mI1M84aFfw==":"mbr-136-1920x1280.jpg","5P4k5XNzPnGaHnJ66RG/rg==":"mbr-13-980x1470.jpg","bJwOo+m/BpB8K5LHZhyF7w==":"mbr-1-1920x1232.jpg","t8Px1iRBa5utX/tEZiFo6A==":"mbr-153-980x653.jpg","EQLZ/7l0ccBT/mxLuIYIdw==":"mbr-27-1920x1440.jpg","uEwKrSUo0+AKjZDddf0nUg==":"mbr-5-980x1307.jpg","lBYtg4Sm3E1bS7pBZJ500g==":"mbr-137-1920x1280.jpg","Xl6nqyH7Uidc0gGbWLPNTw==":"mbr-154-980x653.jpg","QowtKxCv6+pUj3VdY+xm3A==":"mbr-138-1920x1280.jpg","RODi/VZbKQO/yJ0SY7FtkA==":"mbr-980x734.jpg","NaSiLCEOk3gVks449k7SQg==":"mbr-1-1920x1282.jpg","mrn+yaKlM9avpUDZUku/pA==":"mbr-980x1445.jpg","IZrfPx5sswsQ9UtcDguY/Q==":"mbr-139-1920x1280.jpg","RrJgB4zB0P9pzs4l2EJ+rQ==":"mbr-980x691.jpg","N9Lzgor1nHMesoBJ+BLnkw==":"mbr-140-1920x1280.jpg","ZCLM41zToKFLaUAEH2h6RA==":"mbr-12-980x652.jpg","+LmLMi2gGQSRI4oeVls99w==":"mbr-141-1920x1280.jpg","NOcH7gkSvRDgV5zwiSHaZA==":"mbr-155-980x653.jpg","NoH9/oX0j+AEvWb9v9JI7w==":"mbr-156-980x653.jpg","P/ZO4HoIP9DOveWZZh5fEg==":"mbr-142-1920x1280.jpg","6i2vvnCDXUBkEvUp4/pNbw==":"mbr-25-980x735.jpg","Z6Gtj7/dn2TWayAuDJ9wxA==":"mbr-28-1920x1440.jpg","SvpZe5G2KTvKD6rmDkySZQ==":"mbr-157-980x653.jpg","pj34qVBYeozIIQExJPTKkw==":"mbr-143-1920x1280.jpg","OA7jnQOXj811XOX/A5oPMQ==":"mbr-980x882.jpg","edf7mswb6I2muUWVR4IIFw==":"mbr-1920x1313.jpg","rjetKP5rytvP+bam/Z8QEA==":"mbr-158-980x653.jpg","ztVQumBXrDw0zNHwxxqlcw==":"mbr-22-1920x1281.jpg","8sWQKAIphNaXf6UUzbLKiQ==":"mbr-13-980x652.jpg","REpKm31115fW8Nplx/WtRg==":"mbr-144-1920x1280.jpg","9HinvYvGXhySJDKBuCXhwg==":"mbr-980x899.jpg","qoAOGXgNm/b79y1oAxuKLA==":"mbr-1-980x707.jpg","8oDNExY5Q0L+tGft86gyig==":"mbr-145-1920x1280.jpg","sBNUMFw9Ysu26QHpx6FRVA==":"mbr-14-980x1470.jpg","8TpmbFfK0jx8c9CrM7cXTA==":"mbr-980x1464.jpg","wsdIt3dXbYKYLcz0UPC6Pw==":"mbr-3-1920x1285.jpg","+pPIPEnqY0zOg5qDpKlJjQ==":"mbr-1-980x552.jpg","hzWvg5bJfNMNfMgikz4s6g==":"mbr-146-1920x1280.jpg","MBBgW8kXeR/7k7oMP4lmrw==":"mbr-15-980x1470.jpg","mY3ZYaBAuMxxzmqrnysYAA==":"mbr-23-1920x1281.jpg","Z+fJhkCOPrrEzr7PhttN9A==":"mbr-147-1920x1280.jpg","xke0Y5Ja1hYdLrsHz0gTFg==":"mbr-159-980x653.jpg","05L5rH2v48muvMeHvRFLbg==":"mbr-1920x1448.jpg","xQPuNpS+0o0E9OURT0KHMg==":"mbr-160-980x653.jpg","ecosOoZefQhbqJSG7dcdMg==":"mbr-1920x1920.jpg","Qv6T94+E+BWYaLLJmRGfsw==":"mbr-161-980x653.jpg","wp1zRan2ukmYdq7ZmA4r8Q==":"mbr-148-1920x1280.jpg","K54Ca+nmdf3sP18d8yvTLA==":"mbr-162-980x653.jpg","HZ357YSvyYSNSm3OC3lSGg==":"mbr-149-1920x1280.jpg","rujD4F3EKDtyQmSQYtaOGg==":"mbr-980x605.jpg","NMP9vpBFBp5oucFMds1b2A==":"mbr-980x690.jpg","ZraQsklfKDZ4mcCiy1hbjw==":"mbr-11-1920x1271.jpg","Pc/t0W85PuZSgGygwbcQ/g==":"mbr-163-980x653.jpg","fo3yVsp4MARazOhLkBus+Q==":"mbr-29-1920x1440.jpg","sMHBUnBRDTwECGsnwqSNrA==":"mbr-8-980x649.jpg","/WfqN2YhyPt10lmLcgtqWg==":"mbr-23-1920x1080.jpg","8sdqlsqrbzOkLR1lMleIww==":"mbr-1-980x619.jpg","rGz2rPxK5lduG1zuVrjHQg==":"mbr-1920x1069.jpg","1BuUC/k8mpiW8dAWSSF0fQ==":"mbr-980x602.jpg","h6XJymOjP3gWB35fb4wClQ==":"mbr-164-980x653.jpg","vgmll6+VAc5VrAT7ACQA2g==":"mbr-8-980x651.jpg","2R07unD3LJWvat0BgWDaQw==":"mbr-12-1920x1271.jpg","zXRdpKJhdP6zLp6WBVRLwg==":"mbr-2-980x552.jpg","ORodnAYf8I57wF5M9XA3Xg==":"mbr-165-980x653.jpg","BiYnovXZP7445uqZkrfvdw==":"mbr-5-1920x1277.jpg","KfQS+n2LDJDDS8CkYLyA/g==":"mbr-980x1319.jpg","CU97LGRa2JKWkoxEB0XnMA==":"mbr-166-980x653.jpg","m909UcnwWhIwinzCH8ISpw==":"mbr-150-1920x1280.jpg","rcsg+tcqbm8PbtMtpKHtow==":"mbr-167-980x653.jpg","T9uy2Y/Xa1bfXuocl8u1+g==":"mbr-151-1920x1280.jpg","g1+doR23NPAnasiXA7eH6Q==":"mbr-168-980x653.jpg","kBkJhtYF8N8/Qe/cQ7Z2Sw==":"mbr-1920x1718.jpg","Hl7mZ1ZANgD5/LvBGyRm8w==":"mbr-1-980x734.jpg","CIPqTo+jCFKDAJNvfoQpfA==":"mbr-152-1920x1280.jpg","kPav9FYNgCvC4mfMJhHEkw==":"mbr-169-980x653.jpg","FUkvd0K4HdMLD2Jb+MpdJg==":"mbr-24-1920x1080.jpg","dO48FY6QP1s9e5LM07ip0g==":"mbr-1920x1200.jpg","z3uI8aufzw1Tye/F+F21DQ==":"mbr-1920x1117.jpg","nQbTPAeSagHDzg1jn0mOAA==":"mbr-980x1471.jpg","+j2ZiFxG/SK/OKKrgwovww==":"mbr-1-980x647.jpg","c1kuQXB+LMIl5SKNxXv39w==":"mbr-1-1920x1297.jpg","KnrQIzMpu6orrJrv6Li8SQ==":"mbr-170-980x653.jpg","ZedEc6pWLiE/CFAPqKXd/Q==":"mbr-3-1920x1275.jpg","ZAsr72IRk12JwnL1lw4m+Q==":"mbr-171-980x653.jpg","VuQOeKrequ5qmMQjupRVEQ==":"mbr-153-1920x1280.jpg","LSMjdpbPQs33m4jajfOgpw==":"mbr-154-1920x1280.jpg","v86F+3mAZvslFPfquJh0Cw==":"mbr-172-980x653.jpg","1xHOqVW3Gsn++0bfS2nRPA==":"mbr-155-1920x1280.jpg","SDu506vA58gUUUspW/b/MQ==":"mbr-980x569.jpg","fXZy/8OzyCnVhRzeXW8oTg==":"mbr-24-1920x1281.jpg","JGAPxHsYjsCdUZHz3yldtQ==":"mbr-6-980x1307.jpg","e37GmB/NJX8jha2HA9msng==":"mbr-980x384.jpg","c62k0mjgI+01Pxs2T867oQ==":"mbr-5-1920x1278.jpg","eFUmxpd5YsqRXFYY8dEB1Q==":"mbr-980x676.jpg","P1g8/MmcgJzMSejn+Is5tA==":"mbr-2-1440x1920.jpg","CWGl6ApTA7tOEMzXE13DNg==":"mbr-173-980x653.jpg","Gxtr0wE1OkeLz9CDt17Sjw==":"mbr-980x462.jpg","nvtpidSlcAzBSUUERN8asQ==":"mbr-30-1920x1440.jpg","iZvsFNlq136rOAdpC9l96w==":"mbr-26-980x735.jpg","64uAJjB0tqwb4fLT9uKJvQ==":"mbr-156-1920x1280.jpg","qSHhQmrpBqFbFGzZnDe7JA==":"mbr-157-1920x1280.jpg","P1yn8QdFp17FRk6B4bdEbA==":"mbr-174-980x653.jpg","EE8qMUMLxdA1gpsSvwZdoQ==":"mbr-1920x1218.jpg","eOGkr5qyGm4WLpkbSDgKVA==":"mbr-980x961.jpg","Yud3XhZ1x1Pm7AJTILHM8Q==":"mbr-158-1920x1280.jpg","kVSn+jU3BsOVWnndxgfKxw==":"mbr-2-980x619.jpg","URsH8lUwLnvStXzTQ6uxSw==":"mbr-159-1920x1280.jpg","5sMopDRO+azh1vxoFX5bVg==":"mbr-1-980x659.jpg","e2yv680UVURxI+OcXyTemg==":"mbr-31-1920x1440.jpg","CFQbMF6CRk5ddYEuXQOh0g==":"mbr-9-980x649.jpg","hMmMTUX1rDFGRJwOYWtG5Q==":"mbr-32-1920x1440.jpg","U37nsL4iEZFFz5gyQjuz9w==":"mbr-980x661.jpg","HizXuFKas4QUYBT7fu6E6A==":"mbr-160-1920x1280.jpg","maPZBk4Qln3s7OSxDUGamA==":"mbr-175-980x653.jpg","HJL5sfR7sw+lCBvETJEO1A==":"mbr-161-1920x1280.jpg","IzmiyC4kqJYufDke3NWPZA==":"mbr-176-980x653.jpg","//1pGPiSQBcVF/Lp7Or6Tw==":"mbr-25-1920x1281.jpg","S8jToPsmldM0jmcgIfXFeA==":"mbr-177-980x653.jpg","HgMu9hsgJuKxwxhsZzNyXQ==":"mbr-178-980x653.jpg","BQ0e+BnwK4UV64lWdyozyg==":"mbr-162-1920x1280.jpg","6g5bVcXP7EtW5Bi0bIf+7w==":"mbr-1-980x379.jpg","Sbbm7Qma6p4vxSF7NMv3ZA==":"mbr-26-1920x1281.jpg","qwb7Ro6v085l8Pha6BNeBw==":"mbr-179-980x653.jpg","r5tvmbGwhzWeGk+zgVjbGA==":"mbr-3-1440x1920.jpg","lsatUZi6Q0o4NHVxuRcj+g==":"mbr-180-980x653.jpg","1RBs+x6zZtwxRM2vkHLKgg==":"mbr-163-1920x1280.jpg","aBzOuo9sJNNROFvPhvnYRw==":"mbr-2-980x638.jpg","VGlt2U4zXtbLTPQxGmW2rw==":"mbr-164-1920x1280.jpg","AfQiCPlxi39mmzKWffifyQ==":"mbr-10-980x649.jpg","BHg1iyFqQ1Ww4qIcrPVwYA==":"mbr-13-1920x1271.jpg","mXWY0xkHUh+lgx3R27gpQA==":"mbr-980x1476.jpg","C3AMD1s4ndj2QgidwPf+xg==":"mbr-165-1920x1280.jpg","9+J75AI++GaTm0BQ5yEQvQ==":"mbr-980x1539.jpg","fMOacO/dWFQnYn1uh89T+g==":"mbr-1920x1104.jpg","0eJlweoCMMBXsjghCPK0XA==":"mbr-980x440.jpg","MfJCR5grItjj55RsZ8zhVQ==":"mbr-1920x1418.jpg","wpNtNBmvYhnZbLliDMOxBQ==":"mbr-2-980x659.jpg","4DbzELtjSzQ9N9UhRPo2hg==":"mbr-2-1920x1371.jpg","mZd/IU11hN1LkWSJE69QTw==":"mbr-181-980x653.jpg","CQImUJTudl2nvckOBo81Xw==":"mbr-166-1920x1280.jpg","y5w+uUfLYKlyZkfoeRj7UA==":"mbr-980x1401.jpg","NklfzuZH2LlWpDUZ+Y02oA==":"mbr-167-1920x1280.jpg"}